metric,test_accuracy,f1_score
euclidean,0.88,0.8801652551125801
manhattan,0.8933333333333333,0.8929794871794872
minkowski,0.8933333333333333,0.8934724495362794
